{
  "access" : {
    "accessSummary" : "Public",
    "description" : "Public",
    "items" : [ {
      "type" : "public"
    } ],
    "kind" : "plus#acl"
  },
  "actor" : {
    "displayName" : "Christoph Warrick",
    "id" : "115884322245806936044",
    "image" : {
      "url" : "https://lh6.googleusercontent.com/-EpMVmZQdzBw/AAAAAAAAAAI/AAAAAAAAADM/pViARCWft8U/photo.jpg?sz=50"
    },
    "url" : "https://plus.google.com/115884322245806936044"
  },
  "etag" : "\"J69LlX4bj3yXei4cAHAVljaKW_M/qtivVI044jyUdMablVPDOCPaMSU\"",
  "id" : "z133td3q5xisz53pd04cgzoaeoemzhybsis",
  "kind" : "plus#activity",
  "object" : {
    "attachments" : [ {
      "categories" : [ {
        "schema" : "http://google.com/profiles/media/provider",
        "term" : "youtube"
      } ],
      "content" : "Subscribe to the Game of Thrones YouTube: http://itsh.bo/10qIOan Maisie Williams talks about why Arya should sit on the Iron Throne. Tell us who you think sh...",
      "displayName" : "Game of Thrones Season 4: Maisie Williams on Why Arya Should #TakeTheThrone (HBO)",
      "embed" : {
        "type" : "application/x-shockwave-flash",
        "url" : "https://www.youtube.com/embed/qhlmsw7K4io"
      },
      "image" : {
        "height" : 284,
        "type" : "image/jpeg",
        "url" : "https://lh3.googleusercontent.com/proxy/aVp5nUURHjXQ7zAOrX1MjTCUD1Es3MqF9lU7vXYAGZO4bL8RD5IyMIaubohpbaPeDARxmg17XvtbYPl0yeizCcMKbcY=w506-h284-n",
        "width" : 506
      },
      "objectType" : "video",
      "url" : "http://www.youtube.com/watch?v=qhlmsw7K4io"
    } ],
    "content" : "A video!  And Arya being king is a nice idea.﻿",
    "objectType" : "note",
    "originalContent" : "A video!  And Arya being king is a nice idea.",
    "plusoners" : {
      "totalItems" : 0
    },
    "replies" : {
      "totalItems" : 0
    },
    "resharers" : {
      "totalItems" : 0
    },
    "statusForViewer" : {
      "canComment" : true,
      "canPlusone" : true,
      "isPlusOned" : false,
      "resharingDisabled" : false,
      "canUpdate" : true
    },
    "url" : "https://plus.google.com/115884322245806936044/posts/VHe9f796iut"
  },
  "provider" : {
    "title" : "Google+"
  },
  "published" : "2014-04-09T16:19:54.744Z",
  "title" : "A video!  And Arya being king is a nice idea.",
  "updated" : "2014-04-09T16:19:54.744Z",
  "url" : "https://plus.google.com/115884322245806936044/posts/VHe9f796iut",
  "verb" : "post",
  "isSpam" : false,
  "moderationState" : "new"
}