{
  "access" : {
    "accessSummary" : "Public",
    "description" : "Public",
    "items" : [ {
      "type" : "public"
    } ],
    "kind" : "plus#acl"
  },
  "actor" : {
    "displayName" : "Christoph Warrick",
    "id" : "115884322245806936044",
    "image" : {
      "url" : "https://lh6.googleusercontent.com/-EpMVmZQdzBw/AAAAAAAAAAI/AAAAAAAAADM/pViARCWft8U/photo.jpg?sz=50"
    },
    "url" : "https://plus.google.com/115884322245806936044"
  },
  "etag" : "\"J69LlX4bj3yXei4cAHAVljaKW_M/3X0m06tWprYVoHHIpuh1VpOWp3c\"",
  "id" : "z12wyn1jozvxjf5h104cgzoaeoemzhybsis",
  "kind" : "plus#activity",
  "object" : {
    "content" : "Hello world!<br /><br />This is a sample post, on my wall.  I’m kinda busy testing this <b>fancy</b> Google+ <i>thing</i> out!﻿",
    "objectType" : "note",
    "originalContent" : "Hello world!\n\nThis is a sample post, on my wall.  I’m kinda busy testing this *fancy* Google+ _thing_ out!",
    "plusoners" : {
      "totalItems" : 0
    },
    "replies" : {
      "totalItems" : 0
    },
    "resharers" : {
      "totalItems" : 0
    },
    "statusForViewer" : {
      "canComment" : true,
      "canPlusone" : true,
      "isPlusOned" : false,
      "resharingDisabled" : false,
      "canUpdate" : true
    },
    "url" : "https://plus.google.com/115884322245806936044/posts/TxZfPSoU3vx"
  },
  "provider" : {
    "title" : "Google+"
  },
  "published" : "2014-04-09T16:13:45.493Z",
  "title" : "Hello world!\n\nThis is a sample post, on my wall.  I’m kinda busy testing this fancy Google+ thing out...",
  "updated" : "2014-04-09T16:14:00.000Z",
  "url" : "https://plus.google.com/115884322245806936044/posts/TxZfPSoU3vx",
  "verb" : "post",
  "isSpam" : false,
  "moderationState" : "new"
}