{
  "access" : {
    "accessSummary" : "Public",
    "description" : "Public",
    "items" : [ {
      "type" : "public"
    } ],
    "kind" : "plus#acl"
  },
  "actor" : {
    "displayName" : "Christoph Warrick",
    "id" : "115884322245806936044",
    "image" : {
      "url" : "https://lh6.googleusercontent.com/-EpMVmZQdzBw/AAAAAAAAAAI/AAAAAAAAADM/pViARCWft8U/photo.jpg?sz=50"
    },
    "url" : "https://plus.google.com/115884322245806936044"
  },
  "etag" : "\"J69LlX4bj3yXei4cAHAVljaKW_M/v4l-tKudvUB2v6PbrKUetHXKoGk\"",
  "id" : "z13wivmbgvqmwlehx04cgzoaeoemzhybsis",
  "kind" : "plus#activity",
  "object" : {
    "attachments" : [ {
      "categories" : [ {
        "schema" : "http://google.com/profiles/media/provider",
        "term" : "picasa"
      } ],
      "content" : "avatarpaper.png",
      "displayName" : "Here comes a photo!  Or not quite.  But I don’t care!\n\nOh, and I believe “wall” might not be the correct term on this (or any, really, nowadays) social networks.  I don’t care either!",
      "fullImage" : {
        "height" : 1080,
        "type" : "image/jpeg",
        "url" : "https://lh4.googleusercontent.com/-CiWeidDoqO0/U0Vyj2djFwI/AAAAAAAAADg/EKOuj9GeI3U/w1920-h1080/avatarpaper.png",
        "width" : 1920
      },
      "id" : "115884322245806936044.6000328038781490946",
      "image" : {
        "type" : "image/jpeg",
        "url" : "https://lh4.googleusercontent.com/-CiWeidDoqO0/U0Vyj2djFwI/AAAAAAAAADg/EKOuj9GeI3U/w506-h750/avatarpaper.png"
      },
      "objectType" : "photo",
      "url" : "https://plus.google.com/photos/115884322245806936044/albums/6000328036114791249/6000328038781490946"
    } ],
    "content" : "Here comes a photo!  Or not quite.  But I don’t care!<br /><br />Oh, and I believe “wall” might not be the correct term on this (or any, really, nowadays) social networks.  I don’t care <b>either</b>!﻿",
    "objectType" : "note",
    "originalContent" : "Here comes a photo!  Or not quite.  But I don’t care!\n\nOh, and I believe “wall” might not be the correct term on this (or any, really, nowadays) social networks.  I don’t care *either*!",
    "plusoners" : {
      "totalItems" : 0
    },
    "replies" : {
      "totalItems" : 0
    },
    "resharers" : {
      "totalItems" : 0
    },
    "statusForViewer" : {
      "canComment" : true,
      "canPlusone" : true,
      "isPlusOned" : false,
      "resharingDisabled" : false,
      "canUpdate" : true
    },
    "url" : "https://plus.google.com/115884322245806936044/posts/Yfgr36Skwuq"
  },
  "provider" : {
    "title" : "Google+"
  },
  "published" : "2014-04-09T16:17:33.120Z",
  "title" : "Here comes a photo!  Or not quite.  But I don’t care!\n\nOh, and I believe “wall” might not be the correct...",
  "updated" : "2014-04-09T16:17:33.120Z",
  "url" : "https://plus.google.com/115884322245806936044/posts/Yfgr36Skwuq",
  "verb" : "post",
  "isSpam" : false,
  "moderationState" : "new"
}