{
  "access" : {
    "accessSummary" : "Public",
    "description" : "Public",
    "items" : [ {
      "type" : "public"
    } ],
    "kind" : "plus#acl"
  },
  "actor" : {
    "displayName" : "Christoph Warrick",
    "id" : "115884322245806936044",
    "image" : {
      "url" : "https://lh6.googleusercontent.com/-EpMVmZQdzBw/AAAAAAAAAAI/AAAAAAAAADM/pViARCWft8U/photo.jpg?sz=50"
    },
    "url" : "https://plus.google.com/115884322245806936044"
  },
  "etag" : "\"J69LlX4bj3yXei4cAHAVljaKW_M/J3H_ZHnwVk_9yN33VTBAvtj71nc\"",
  "id" : "z13ozrijzyuewrwlu23bx1mp2orvjly3q",
  "kind" : "plus#activity",
  "object" : {
    "attachments" : [ {
      "content" : "A blog about everything and nothing.",
      "displayName" : "Kw’s Blog — Kw’s Blog",
      "objectType" : "article",
      "url" : "http://kwpolska.tk/"
    } ],
    "content" : "Links are fun!  So let’s post one.  Because why not?  <a rel=\"nofollow\" class=\"ot-hashtag\" href=\"https://plus.google.com/s/%23blog\">#blog</a>  — oh, look, a hashtag, I’m so hipster!﻿",
    "objectType" : "note",
    "originalContent" : "Links are fun!  So let’s post one.  Because why not?  #blog  — oh, look, a hashtag, I’m so hipster!",
    "plusoners" : {
      "totalItems" : 0
    },
    "replies" : {
      "totalItems" : 0
    },
    "resharers" : {
      "totalItems" : 0
    },
    "statusForViewer" : {
      "canComment" : true,
      "canPlusone" : true,
      "isPlusOned" : false,
      "resharingDisabled" : false,
      "canUpdate" : true
    },
    "url" : "https://plus.google.com/115884322245806936044/posts/ArMj6k1AmKW"
  },
  "provider" : {
    "title" : "Google+"
  },
  "published" : "2014-04-09T16:18:20.773Z",
  "title" : "Links are fun!  So let’s post one.  Because why not? #blog  — oh, look, a hashtag, I’m so hipster!",
  "updated" : "2014-04-09T16:18:20.773Z",
  "url" : "https://plus.google.com/115884322245806936044/posts/ArMj6k1AmKW",
  "verb" : "post",
  "isSpam" : false,
  "moderationState" : "new"
}